﻿Peca;Regiao;Valor
Cambio;Bahia;2980,27
Cambio;Santa Catarina;4599,6
Cambio;Parana;4091,95
Cambio;Parana;3756,08
Cambio;Goias;3919,72
Cambio;Sao Paulo;4137,27
Cambio;Parana;3490,83
Cambio;Pernambuco;4602,14
Cambio;Minas Gerais;4451,05
Cambio;Ceara;2888,73
Cambio;Parana;3216,5
Cambio;Ceara;3081,13
Cambio;Bahia;3152,11
Cambio;Bahia;4537,14
Cambio;Pernambuco;4070,01
Cambio;Rio de Janeiro;4834,27
Cambio;Pernambuco;4731,15
Cambio;Parana;2502,2
Cambio;Rio Grande do Sul;3404,27
Cambio;Minas Gerais;3044,21
Cambio;Santa Catarina;4635,94
Cambio;Pernambuco;3735,83
Cambio;Rio Grande do Sul;4977,65
Cambio;Rio Grande do Sul;2977,51
Cambio;Pernambuco;2317,36
Correia dentada;Goias;131,61
Correia dentada;Ceara;113,9
Correia dentada;Rio de Janeiro;137,91
Correia dentada;Bahia;157,24
Correia dentada;Minas Gerais;123,19
Correia dentada;Pernambuco;151,23
Correia dentada;Minas Gerais;106,82
Correia dentada;Rio de Janeiro;134,7
Correia dentada;Pernambuco;169,09
Correia dentada;Parana;120,33
Correia dentada;Ceara;143,5
Correia dentada;Sao Paulo;116,96
Correia dentada;Rio Grande do Sul;111,43
Correia dentada;Rio de Janeiro;88,89
Correia dentada;Ceara;170,23
Correia dentada;Goias;98
Correia dentada;Ceara;148,09
Filtro de oleo;Minas Gerais;85,94
Filtro de oleo;Goias;80,82
Filtro de oleo;Rio de Janeiro;63,2
Filtro de oleo;Sao Paulo;45,54
Filtro de oleo;Parana;31,28
Filtro de oleo;Sao Paulo;37,83
Filtro de oleo;Rio de Janeiro;54,04
Filtro de oleo;Bahia;43,2
Filtro de oleo;Sao Paulo;30,77
Filtro de oleo;Pernambuco;69,04
Filtro de oleo;Rio de Janeiro;87,86
Filtro de oleo;Rio de Janeiro;70,56
Filtro de oleo;Goias;46,32
Filtro de oleo;Goias;36,85
Filtro de oleo;Parana;54,92
Filtro de oleo;Bahia;56,38
Filtro de oleo;Rio Grande do Sul;33,42
Filtro de oleo;Minas Gerais;66,23
Filtro de oleo;Pernambuco;76,58
Filtro de oleo;Sao Paulo;68,37
Filtro de oleo;Pernambuco;79,74
Filtro de oleo;Pernambuco;72,89
Pastilha de freio;Goias;246,53
Pastilha de freio;Pernambuco;166,58
Pastilha de freio;Rio de Janeiro;259,13
Pastilha de freio;Ceara;290
Pastilha de freio;Ceara;184,69
Pastilha de freio;Ceara;226,03
Pastilha de freio;Parana;203,34
Pastilha de freio;Santa Catarina;229,57
Pastilha de freio;Ceara;267,77
Pastilha de freio;Parana;144,53
Pastilha de freio;Rio de Janeiro;226,75
Pastilha de freio;Santa Catarina;224,35
Pastilha de freio;Rio Grande do Sul;257,9
Pastilha de freio;Rio Grande do Sul;272,1
Pastilha de freio;Parana;146,15
Pastilha de freio;Rio Grande do Sul;236,32
Pastilha de freio;Goias;261,73
Pastilha de freio;Rio de Janeiro;116,92
Pastilha de freio;Goias;287,36
Pastilha de freio;Sao Paulo;155,32
Pastilha de freio;Pernambuco;104,47
Pastilha de freio;Goias;261,3
Vela;Minas Gerais;25,73
Vela;Bahia;46,12
Vela;Goias;20,22
Vela;Santa Catarina;59,34
Vela;Rio Grande do Sul;46,12
Vela;Goias;28,54
Vela;Pernambuco;21,55
Vela;Goias;45,56
Vela;Rio de Janeiro;67,39
Vela;Santa Catarina;77,2
Vela;Goias;37,14
Vela;Goias;62,89
Vela;Parana;29,52
Vela;Minas Gerais;73
