﻿Peca;Regiao;Valor
Cambio;Bahia;286,96
Cambio;Santa Catarina;442
Cambio;Parana;393,04
Cambio;Parana;361,78
Cambio;Goias;377,54
Cambio;Sao Paulo;398,49
Cambio;Parana;336,23
Cambio;Pernambuco;443,27
Cambio;Minas Gerais;428,71
Cambio;Ceara;278,23
Cambio;Parana;309,8
Cambio;Ceara;296,77
Cambio;Bahia;303,6
Cambio;Bahia;437
Cambio;Pernambuco;392,01
Cambio;Rio de Janeiro;465,62
Cambio;Pernambuco;455,69
Cambio;Parana;241,01
Cambio;Rio Grande do Sul;327,89
Cambio;Minas Gerais;293,21
Cambio;Santa Catarina;446,52
Cambio;Pernambuco;395,82
Cambio;Rio Grande do Sul;479,43
Cambio;Rio Grande do Sul;286,79
Cambio;Pernambuco;223,2
Correia dentada;Goias;12,68
Correia dentada;Ceara;10,97
Correia dentada;Rio de Janeiro;13,28
Correia dentada;Bahia;13,28
Correia dentada;Minas Gerais;11,87
Correia dentada;Pernambuco;14,57
Correia dentada;Minas Gerais;10,29
Correia dentada;Rio de Janeiro;12,97
Correia dentada;Pernambuco;16,29
Correia dentada;Parana;11,59
Correia dentada;Ceara;13,82
Correia dentada;Sao Paulo;11,27
Correia dentada;Rio Grande do Sul;10,73
Correia dentada;Rio de Janeiro;8,56
Correia dentada;Ceara;16,4
Correia dentada;Goias;9,44
Correia dentada;Ceara;14,26
Filtro de oleo;Minas Gerais;8,28
Filtro de oleo;Goias;7,78
Filtro de oleo;Rio de Janeiro;6,09
Filtro de oleo;Sao Paulo;4,39
Filtro de oleo;Parana;3,01
Filtro de oleo;Sao Paulo;3,64
Filtro de oleo;Rio de Janeiro;5,2
Filtro de oleo;Bahia;4,16
Filtro de oleo;Sao Paulo;2,96
Filtro de oleo;Pernambuco;6,65
Filtro de oleo;Rio de Janeiro;8,46
Filtro de oleo;Rio de Janeiro;6,8
Filtro de oleo;Goias;4,46
Filtro de oleo;Goias;3,55
Filtro de oleo;Parana;5,29
Filtro de oleo;Bahia;5,43
Filtro de oleo;Rio Grande do Sul;3,22
Filtro de oleo;Minas Gerais;6,38
Filtro de oleo;Pernambuco;7,38
Filtro de oleo;Sao Paulo;6,59
Filtro de oleo;Pernambuco;7,68
Filtro de oleo;Pernambuco;7,02
Pastilha de freio;Goias;23,75
Pastilha de freio;Pernambuco;16,04
Pastilha de freio;Rio de Janeiro;24,96
Pastilha de freio;Ceara;27,93
Pastilha de freio;Ceara;17,79
Pastilha de freio;Ceara;21,77
Pastilha de freio;Parana;19,59
Pastilha de freio;Santa Catarina;22,11
Pastilha de freio;Ceara;25,79
Pastilha de freio;Parana;13,92
Pastilha de freio;Rio de Janeiro;21,84
Pastilha de freio;Santa Catarina;21,61
Pastilha de freio;Rio Grande do Sul;24,84
Pastilha de freio;Rio Grande do Sul;26,21
Pastilha de freio;Parana;14,08
Pastilha de freio;Rio Grande do Sul;22,76
Pastilha de freio;Goias;25,21
Pastilha de freio;Rio de Janeiro;11,26
Pastilha de freio;Goias;27,68
Pastilha de freio;Sao Paulo;14,96
Pastilha de freio;Pernambuco;10
Pastilha de freio;Goias;25,17
Vela;Minas Gerais;2,48
Vela;Bahia;4,4
Vela;Goias;1,95
Vela;Santa Catarina;5,72
Vela;Rio Grande do Sul;4,44
Vela;Goias;2,75
Vela;Pernambuco;2,08
Vela;Goias;4,39
Vela;Rio de Janeiro;6,49
Vela;Santa Catarina;7,44
Vela;Goias;3,58
Vela;Goias;6,06
Vela;Parana;2,84
Vela;Minas Gerais;7,03
