Peca,Regiao,Valor
Cambio,Bahia,2980.27
Cambio,Santa Catarina,4599.6
Cambio,Parana,4091.95
Cambio,Parana,3756.08
Cambio,Goias,3919.72
Cambio,Sao Paulo,4137.27
Cambio,Parana,3490.83
Cambio,Pernambuco,4602.14
Cambio,Minas Gerais,4451.05
Cambio,Ceara,2888.73
Cambio,Parana,3216.5
Cambio,Ceara,3081.13
Cambio,Bahia,3152.11
Cambio,Bahia,4537.14
Cambio,Pernambuco,4070.01
Cambio,Rio de Janeiro,4834.27
Cambio,Pernambuco,4731.15
Cambio,Parana,2502.2
Cambio,Rio Grande do Sul,3404.27
Cambio,Minas Gerais,3044.21
Cambio,Santa Catarina,4635.94
Cambio,Pernambuco,3735.83
Cambio,Rio Grande do Sul,4977.65
Cambio,Rio Grande do Sul,2977.51
Cambio,Pernambuco,2317.36
Correia dentada,Goias,131.61
Correia dentada,Ceara,113.9
Correia dentada,Rio de Janeiro,137.91
Correia dentada,Bahia,157.24
Correia dentada,Minas Gerais,123.19
Correia dentada,Pernambuco,151.23
Correia dentada,Minas Gerais,106.82
Correia dentada,Rio de Janeiro,134.7
Correia dentada,Pernambuco,169.09
Correia dentada,Parana,120.33
Correia dentada,Ceara,143.5
Correia dentada,Sao Paulo,116.96
Correia dentada,Rio Grande do Sul,111.43
Correia dentada,Rio de Janeiro,88.89
Correia dentada,Ceara,170.23
Correia dentada,Goias,98.0
Correia dentada,Ceara,148.09
Filtro de oleo,Minas Gerais,85.94
Filtro de oleo,Goias,80.82
Filtro de oleo,Rio de Janeiro,63.2
Filtro de oleo,Sao Paulo,45.54
Filtro de oleo,Parana,31.28
Filtro de oleo,Sao Paulo,37.83
Filtro de oleo,Rio de Janeiro,54.04
Filtro de oleo,Bahia,43.2
Filtro de oleo,Sao Paulo,30.77
Filtro de oleo,Pernambuco,69.04
Filtro de oleo,Rio de Janeiro,87.86
Filtro de oleo,Rio de Janeiro,70.56
Filtro de oleo,Goias,46.32
Filtro de oleo,Goias,36.85
Filtro de oleo,Parana,54.92
Filtro de oleo,Bahia,56.38
Filtro de oleo,Rio Grande do Sul,33.42
Filtro de oleo,Minas Gerais,66.23
Filtro de oleo,Pernambuco,76.58
Filtro de oleo,Sao Paulo,68.37
Filtro de oleo,Pernambuco,79.74
Filtro de oleo,Pernambuco,72.89
Pastilha de freio,Goias,246.53
Pastilha de freio,Pernambuco,166.58
Pastilha de freio,Rio de Janeiro,259.13
Pastilha de freio,Ceara,290.0
Pastilha de freio,Ceara,184.69
Pastilha de freio,Ceara,226.03
Pastilha de freio,Parana,203.34
Pastilha de freio,Santa Catarina,229.57
Pastilha de freio,Ceara,267.77
Pastilha de freio,Parana,144.53
Pastilha de freio,Rio de Janeiro,226.75
Pastilha de freio,Santa Catarina,224.35
Pastilha de freio,Rio Grande do Sul,257.9
Pastilha de freio,Rio Grande do Sul,272.1
Pastilha de freio,Parana,146.15
Pastilha de freio,Rio Grande do Sul,236.32
Pastilha de freio,Goias,261.73
Pastilha de freio,Rio de Janeiro,116.92
Pastilha de freio,Goias,287.36
Pastilha de freio,Sao Paulo,155.32
Pastilha de freio,Pernambuco,104.47
Pastilha de freio,Goias,261.3
Vela,Minas Gerais,25.73
Vela,Bahia,46.12
Vela,Goias,20.22
Vela,Santa Catarina,59.34
Vela,Rio Grande do Sul,46.12
Vela,Goias,28.54
Vela,Pernambuco,21.55
Vela,Goias,45.56
Vela,Rio de Janeiro,67.39
Vela,Santa Catarina,77.2
Vela,Goias,37.14
Vela,Goias,62.89
Vela,Parana,29.52
Vela,Minas Gerais,73.0
Cambio,Bahia,286.96
Cambio,Santa Catarina,442.0
Cambio,Parana,393.04
Cambio,Parana,361.78
Cambio,Goias,377.54
Cambio,Sao Paulo,398.49
Cambio,Parana,336.23
Cambio,Pernambuco,443.27
Cambio,Minas Gerais,428.71
Cambio,Ceara,278.23
Cambio,Parana,309.8
Cambio,Ceara,296.77
Cambio,Bahia,303.6
Cambio,Bahia,437.0
Cambio,Pernambuco,392.01
Cambio,Rio de Janeiro,465.62
Cambio,Pernambuco,455.69
Cambio,Parana,241.01
Cambio,Rio Grande do Sul,327.89
Cambio,Minas Gerais,293.21
Cambio,Santa Catarina,446.52
Cambio,Pernambuco,395.82
Cambio,Rio Grande do Sul,479.43
Cambio,Rio Grande do Sul,286.79
Cambio,Pernambuco,223.2
Correia dentada,Goias,12.68
Correia dentada,Ceara,10.97
Correia dentada,Rio de Janeiro,13.28
Correia dentada,Bahia,13.28
Correia dentada,Minas Gerais,11.87
Correia dentada,Pernambuco,14.57
Correia dentada,Minas Gerais,10.29
Correia dentada,Rio de Janeiro,12.97
Correia dentada,Pernambuco,16.29
Correia dentada,Parana,11.59
Correia dentada,Ceara,13.82
Correia dentada,Sao Paulo,11.27
Correia dentada,Rio Grande do Sul,10.73
Correia dentada,Rio de Janeiro,8.56
Correia dentada,Ceara,16.4
Correia dentada,Goias,9.44
Correia dentada,Ceara,14.26
Filtro de oleo,Minas Gerais,8.28
Filtro de oleo,Goias,7.78
Filtro de oleo,Rio de Janeiro,6.09
Filtro de oleo,Sao Paulo,4.39
Filtro de oleo,Parana,3.01
Filtro de oleo,Sao Paulo,3.64
Filtro de oleo,Rio de Janeiro,5.2
Filtro de oleo,Bahia,4.16
Filtro de oleo,Sao Paulo,2.96
Filtro de oleo,Pernambuco,6.65
Filtro de oleo,Rio de Janeiro,8.46
Filtro de oleo,Rio de Janeiro,6.8
Filtro de oleo,Goias,4.46
Filtro de oleo,Goias,3.55
Filtro de oleo,Parana,5.29
Filtro de oleo,Bahia,5.43
Filtro de oleo,Rio Grande do Sul,3.22
Filtro de oleo,Minas Gerais,6.38
Filtro de oleo,Pernambuco,7.38
Filtro de oleo,Sao Paulo,6.59
Filtro de oleo,Pernambuco,7.68
Filtro de oleo,Pernambuco,7.02
Pastilha de freio,Goias,23.75
Pastilha de freio,Pernambuco,16.04
Pastilha de freio,Rio de Janeiro,24.96
Pastilha de freio,Ceara,27.93
Pastilha de freio,Ceara,17.79
Pastilha de freio,Ceara,21.77
Pastilha de freio,Parana,19.59
Pastilha de freio,Santa Catarina,22.11
Pastilha de freio,Ceara,25.79
Pastilha de freio,Parana,13.92
Pastilha de freio,Rio de Janeiro,21.84
Pastilha de freio,Santa Catarina,21.61
Pastilha de freio,Rio Grande do Sul,24.84
Pastilha de freio,Rio Grande do Sul,26.21
Pastilha de freio,Parana,14.08
Pastilha de freio,Rio Grande do Sul,22.76
Pastilha de freio,Goias,25.21
Pastilha de freio,Rio de Janeiro,11.26
Pastilha de freio,Goias,27.68
Pastilha de freio,Sao Paulo,14.96
Pastilha de freio,Pernambuco,10.0
Pastilha de freio,Goias,25.17
Vela,Minas Gerais,2.48
Vela,Bahia,4.4
Vela,Goias,1.95
Vela,Santa Catarina,5.72
Vela,Rio Grande do Sul,4.44
Vela,Goias,2.75
Vela,Pernambuco,2.08
Vela,Goias,4.39
Vela,Rio de Janeiro,6.49
Vela,Santa Catarina,7.44
Vela,Goias,3.58
Vela,Goias,6.06
Vela,Parana,2.84
Vela,Minas Gerais,7.03
